{
  "pattern_scores": {},
  "hourly_performance": {
    "15": {
      "wins": 4,
      "losses": 19,
      "total_pnl": -41.80329447997092
    },
    "17": {
      "wins": 8,
      "losses": 13,
      "total_pnl": -16.495008435163154
    },
    "21": {
      "wins": 61,
      "losses": 5,
      "total_pnl": 114.8347125171255
    },
    "23": {
      "wins": 86,
      "losses": 14,
      "total_pnl": 310.06585787728244
    },
    "1": {
      "wins": 85,
      "losses": 3,
      "total_pnl": 202.8715139562779
    },
    "16": {
      "wins": 3,
      "losses": 6,
      "total_pnl": -13.167685004794807
    },
    "20": {
      "wins": 73,
      "losses": 8,
      "total_pnl": 76.14144105331947
    },
    "22": {
      "wins": 81,
      "losses": 8,
      "total_pnl": 383.27722379879947
    },
    "0": {
      "wins": 84,
      "losses": 5,
      "total_pnl": 421.00097773530297
    },
    "10": {
      "wins": 0,
      "losses": 5,
      "total_pnl": -17.864724303658292
    },
    "11": {
      "wins": 0,
      "losses": 4,
      "total_pnl": -9.010780185169388
    },
    "14": {
      "wins": 8,
      "losses": 45,
      "total_pnl": -24.700647942004647
    },
    "2": {
      "wins": 87,
      "losses": 7,
      "total_pnl": 313.9080306594341
    },
    "6": {
      "wins": 70,
      "losses": 2,
      "total_pnl": 598.2969735500002
    },
    "7": {
      "wins": 3,
      "losses": 8,
      "total_pnl": -253.96910872177295
    },
    "5": {
      "wins": 90,
      "losses": 10,
      "total_pnl": 684.2033534906528
    },
    "8": {
      "wins": 2,
      "losses": 8,
      "total_pnl": -11.501937640274864
    },
    "13": {
      "wins": 8,
      "losses": 2,
      "total_pnl": 8.807769386963386
    },
    "19": {
      "wins": 18,
      "losses": 10,
      "total_pnl": -4.593983047095035
    },
    "9": {
      "wins": 0,
      "losses": 5,
      "total_pnl": -4.958956028772947
    },
    "12": {
      "wins": 4,
      "losses": 3,
      "total_pnl": 4.157205026831987
    },
    "18": {
      "wins": 7,
      "losses": 4,
      "total_pnl": 22.035323162993297
    },
    "3": {
      "wins": 83,
      "losses": 1,
      "total_pnl": 569.3945480831583
    },
    "4": {
      "wins": 65,
      "losses": 6,
      "total_pnl": 520.8504156999999
    }
  },
  "regime_performance": {
    "unknown": {
      "wins": 0,
      "losses": 5,
      "total_pnl": -9.08
    },
    "strong_uptrend": {
      "wins": 15,
      "losses": 47,
      "total_pnl": -45.98205736521228
    },
    "strong_downtrend": {
      "wins": 315,
      "losses": 28,
      "total_pnl": 1362.4913915101504
    },
    "normal": {
      "wins": 374,
      "losses": 60,
      "total_pnl": 1846.3290033275346
    },
    "ranging": {
      "wins": 222,
      "losses": 39,
      "total_pnl": 740.4170661702724
    },
    "extreme_volatility": {
      "wins": 0,
      "losses": 7,
      "total_pnl": -24.16573077047686
    },
    "high_volume_breakout": {
      "wins": 4,
      "losses": 15,
      "total_pnl": -38.230452662803955
    }
  },
  "symbol_performance": {
    "BTC/USDT:USDT": {
      "wins": 0,
      "losses": 4,
      "total_pnl": -105.45214898940867
    },
    "SOL/USDT:USDT": {
      "wins": 22,
      "losses": 48,
      "total_pnl": -50.83856965930822
    },
    "DOGE/USDT:USDT": {
      "wins": 18,
      "losses": 66,
      "total_pnl": -53.86474197402781
    },
    "ETH/USDT:USDT": {
      "wins": 16,
      "losses": 35,
      "total_pnl": -202.5226886545109
    },
    "ON/USDT:USDT": {
      "wins": 0,
      "losses": 1,
      "total_pnl": -3.059267999999994
    },
    "STO/USDT:USDT": {
      "wins": 0,
      "losses": 7,
      "total_pnl": -14.784907100000009
    },
    "SYN/USDT:USDT": {
      "wins": 0,
      "losses": 2,
      "total_pnl": -3.0959160999999877
    },
    "AIOT/USDT:USDT": {
      "wins": 6,
      "losses": 5,
      "total_pnl": 4.488796199999992
    },
    "HIPPO/USDT:USDT": {
      "wins": 844,
      "losses": 2,
      "total_pnl": 4291.697754699997
    },
    "DAM/USDT:USDT": {
      "wins": 1,
      "losses": 2,
      "total_pnl": -4.740297299999999
    },
    "SIREN/USDT:USDT": {
      "wins": 0,
      "losses": 3,
      "total_pnl": -4.147759400000002
    },
    "JCT/USDT:USDT": {
      "wins": 3,
      "losses": 3,
      "total_pnl": -0.9639070000000078
    },
    "RLS/USDT:USDT": {
      "wins": 3,
      "losses": 0,
      "total_pnl": 7.151838000000002
    },
    "PIPPIN/USDT:USDT": {
      "wins": 2,
      "losses": 0,
      "total_pnl": 2.9761570000000153
    },
    "PLAY/USDT:USDT": {
      "wins": 1,
      "losses": 3,
      "total_pnl": -2.5101624000000067
    },
    "PTB/USDT:USDT": {
      "wins": 3,
      "losses": 5,
      "total_pnl": -3.8181346000000076
    },
    "\u6211\u8e0f\u9a6c\u6765\u4e86/USDT:USDT": {
      "wins": 4,
      "losses": 4,
      "total_pnl": -4.615510799999985
    },
    "KOMA/USDT:USDT": {
      "wins": 1,
      "losses": 0,
      "total_pnl": 1.1516190000000064
    },
    "BROCCOLIF3B/USDT:USDT": {
      "wins": 1,
      "losses": 0,
      "total_pnl": 0.3526728000000003
    },
    "APR/USDT:USDT": {
      "wins": 2,
      "losses": 0,
      "total_pnl": 4.297281000000002
    },
    "SYS/USDT:USDT": {
      "wins": 0,
      "losses": 1,
      "total_pnl": -1.207408999999992
    },
    "SQD/USDT:USDT": {
      "wins": 1,
      "losses": 0,
      "total_pnl": 1.1609400000000016
    },
    "AGT/USDT:USDT": {
      "wins": 1,
      "losses": 2,
      "total_pnl": -1.4251641999999975
    },
    "BANK/USDT:USDT": {
      "wins": 0,
      "losses": 2,
      "total_pnl": -9.204069999999989
    },
    "SKYAI/USDT:USDT": {
      "wins": 1,
      "losses": 0,
      "total_pnl": 1.1200244159999972
    },
    "ZAMA/USDT:USDT": {
      "wins": 0,
      "losses": 4,
      "total_pnl": -5.465914613280004
    },
    "PIEVERSE/USDT:USDT": {
      "wins": 0,
      "losses": 2,
      "total_pnl": -10.901293115999987
    }
  },
  "direction_performance": {
    "close": {
      "wins": 0,
      "losses": 3,
      "total_pnl": -3.15
    },
    "short": {
      "wins": 42,
      "losses": 130,
      "total_pnl": -420.14856647044337
    },
    "long": {
      "wins": 888,
      "losses": 68,
      "total_pnl": 4255.077786679907
    }
  },
  "signal_accuracy": {
    "weak": {
      "wins": 930,
      "losses": 201
    }
  },
  "external_accuracy": {},